{
  "total_questions": 24,
  "successful_predictions": 24,
  "failed_predictions": 0,
  "success_rate": 100.0,
  "avg_semantic_similarity": 0.49826362970657806,
  "min_semantic_similarity": 0.0,
  "max_semantic_similarity": 0.8478371428141269,
  "similarity_by_type": {
    "domain-relevant": {
      "mean": 0.5321164866746537,
      "count": 6,
      "min": 0.4690243192079388,
      "max": 0.7256134623579786
    },
    "metrics-generated": {
      "mean": 0.4667122323572477,
      "count": 15,
      "min": 0.0,
      "max": 0.5451330286259151
    },
    "novel-generated": {
      "mean": 0.5883149025170781,
      "count": 3,
      "min": 0.44200854870281003,
      "max": 0.8478371428141269
    }
  },
  "avg_retrieval_time_ms": 253.1407574812571,
  "avg_generation_time_ms": 894.7725494702657,
  "config": {
    "dataset_name": "financebench",
    "model_name": "meta-llama/Meta-Llama-3.1-70B-Instruct-Turbo",
    "embedding_model": "BAAI/bge-base-en-v1.5",
    "top_k_retrieval": 20,
    "temperature": 0.0,
    "max_tokens": 512,
    "chroma_path": "/Users/shawheen/Projects/myRAG/chroma",
    "output_dir": "/Users/shawheen/Projects/myRAG/bulk_runs",
    "timestamp": "2025-11-14_00-15-38"
  }
}