{
  "total_questions": 24,
  "successful_predictions": 24,
  "failed_predictions": 0,
  "success_rate": 100.0,
  "avg_semantic_similarity": 0.512299694631405,
  "min_semantic_similarity": 0.0,
  "max_semantic_similarity": 0.8478371012252481,
  "similarity_by_type": {
    "domain-relevant": {
      "mean": 0.5663465311151168,
      "count": 6,
      "min": 0.4690243192079388,
      "max": 0.7189814609359959
    },
    "metrics-generated": {
      "mean": 0.47547792193686156,
      "count": 15,
      "min": 0.0,
      "max": 0.5451329923317929
    },
    "novel-generated": {
      "mean": 0.5883148851366994,
      "count": 3,
      "min": 0.44200853815055247,
      "max": 0.8478371012252481
    }
  },
  "avg_retrieval_time_ms": 219.8993961016337,
  "avg_generation_time_ms": 808.1967731316885,
  "config": {
    "dataset_name": "financebench",
    "model_name": "meta-llama/Meta-Llama-3.1-70B-Instruct-Turbo",
    "embedding_model": "BAAI/bge-base-en-v1.5",
    "top_k_retrieval": 15,
    "temperature": 0.0,
    "max_tokens": 512,
    "chroma_path": "/Users/shawheen/Projects/myRAG/chroma",
    "output_dir": "/Users/shawheen/Projects/myRAG/bulk_runs",
    "timestamp": "2025-11-14_00-17-53"
  }
}