{
  "total_questions": 24,
  "successful_predictions": 24,
  "failed_predictions": 0,
  "success_rate": 100.0,
  "avg_semantic_similarity": 0.3758062732872757,
  "min_semantic_similarity": 0.09102604842565028,
  "max_semantic_similarity": 0.8421638596606086,
  "similarity_by_type": {
    "domain-relevant": {
      "mean": 0.49790143867989256,
      "count": 6,
      "min": 0.11515265087829595,
      "max": 0.8421638596606086
    },
    "metrics-generated": {
      "mean": 0.30987487226121363,
      "count": 15,
      "min": 0.11462657091496546,
      "max": 0.8215910527138232
    },
    "novel-generated": {
      "mean": 0.46127294763235244,
      "count": 3,
      "min": 0.09102604842565028,
      "max": 0.7822149767621194
    }
  },
  "avg_retrieval_time_ms": 1143.7716384728749,
  "avg_generation_time_ms": 1196.7150072256725,
  "config": {
    "dataset_name": "financebench",
    "model_name": "meta-llama/Meta-Llama-3.1-70B-Instruct-Turbo",
    "embedding_model": "text-embedding-3-large",
    "top_k_retrieval": 20,
    "use_hybrid_search": true,
    "use_metadata_filtering": true,
    "use_reranking": true,
    "temperature": 0.0,
    "max_tokens": 512,
    "chroma_path": "/Users/shawheen/Projects/myRAG/chroma",
    "output_dir": "/Users/shawheen/Projects/myRAG/bulk_runs",
    "timestamp": "2025-11-15_14-45-04"
  }
}