{
  "total_questions": 24,
  "successful_predictions": 24,
  "failed_predictions": 0,
  "success_rate": 100.0,
  "avg_semantic_similarity": 0.3024810501405036,
  "min_semantic_similarity": 0.07497451737630569,
  "max_semantic_similarity": 0.7922153581735917,
  "similarity_by_type": {
    "domain-relevant": {
      "mean": 0.19769047071648851,
      "count": 6,
      "min": 0.07497451737630569,
      "max": 0.5666415387759111
    },
    "metrics-generated": {
      "mean": 0.33600454038681943,
      "count": 15,
      "min": 0.13653291574448087,
      "max": 0.7392549351812471
    },
    "novel-generated": {
      "mean": 0.34444475775695493,
      "count": 3,
      "min": 0.1021927311741456,
      "max": 0.7922153581735917
    }
  },
  "avg_retrieval_time_ms": 288.94657890001935,
  "avg_generation_time_ms": 919.0407991409302,
  "config": {
    "dataset_name": "financebench",
    "model_name": "meta-llama/Meta-Llama-3.1-70B-Instruct-Turbo",
    "embedding_model": "text-embedding-3-small",
    "top_k_retrieval": 15,
    "temperature": 0.0,
    "max_tokens": 512,
    "chroma_path": "/Users/shawheen/Projects/myRAG/chroma",
    "output_dir": "/Users/shawheen/Projects/myRAG/bulk_runs",
    "timestamp": "2025-11-14_01-15-29"
  }
}