{
  "total_questions": 24,
  "successful_predictions": 24,
  "failed_predictions": 0,
  "success_rate": 100.0,
  "avg_semantic_similarity": 0.31951380279583746,
  "min_semantic_similarity": 0.07493095854275317,
  "max_semantic_similarity": 0.903839054348592,
  "similarity_by_type": {
    "domain-relevant": {
      "mean": 0.17447027875922128,
      "count": 6,
      "min": 0.07493095854275317,
      "max": 0.423821217411304
    },
    "metrics-generated": {
      "mean": 0.37254084257772996,
      "count": 15,
      "min": 0.1364769164831158,
      "max": 0.903839054348592
    },
    "novel-generated": {
      "mean": 0.3444656519596074,
      "count": 3,
      "min": 0.10222552958507362,
      "max": 0.792245242370621
    }
  },
  "avg_retrieval_time_ms": 228.04985443751016,
  "avg_generation_time_ms": 834.2739045619965,
  "config": {
    "dataset_name": "financebench",
    "model_name": "meta-llama/Meta-Llama-3.1-70B-Instruct-Turbo",
    "embedding_model": "text-embedding-3-small",
    "top_k_retrieval": 10,
    "temperature": 0.0,
    "max_tokens": 512,
    "chroma_path": "/Users/shawheen/Projects/myRAG/chroma",
    "output_dir": "/Users/shawheen/Projects/myRAG/bulk_runs",
    "timestamp": "2025-11-14_01-16-27"
  }
}